-- phpMyAdmin SQL Dump
-- version 4.5.1
-- http://www.phpmyadmin.net
--
-- Host: 127.0.0.1
-- Generation Time: Aug 24, 2018 at 10:41 PM
-- Server version: 10.1.8-MariaDB
-- PHP Version: 5.5.30

SET SQL_MODE = "NO_AUTO_VALUE_ON_ZERO";
SET time_zone = "+00:00";


/*!40101 SET @OLD_CHARACTER_SET_CLIENT=@@CHARACTER_SET_CLIENT */;
/*!40101 SET @OLD_CHARACTER_SET_RESULTS=@@CHARACTER_SET_RESULTS */;
/*!40101 SET @OLD_COLLATION_CONNECTION=@@COLLATION_CONNECTION */;
/*!40101 SET NAMES utf8mb4 */;

--
-- Database: `skripsi_ahp`
--

-- --------------------------------------------------------

--
-- Table structure for table `alternatif`
--

CREATE TABLE `alternatif` (
  `id` varchar(11) NOT NULL,
  `nama` char(11) NOT NULL,
  `tempat_lahir` varchar(30) NOT NULL,
  `tanggal_lahir` date NOT NULL,
  `kelamin` char(10) NOT NULL,
  `alamat` text NOT NULL,
  `jabatan` char(20) NOT NULL,
  `tanggal_masuk` date NOT NULL,
  `pendidikan` varchar(50) NOT NULL
) ENGINE=InnoDB DEFAULT CHARSET=latin1;

--
-- Dumping data for table `alternatif`
--

INSERT INTO `alternatif` (`id`, `nama`, `tempat_lahir`, `tanggal_lahir`, `kelamin`, `alamat`, `jabatan`, `tanggal_masuk`, `pendidikan`) VALUES
('17417270010', 'Rubianto', 'Batu', '1985-12-17', 'Pria', 'JL. Samadi no 54 Kota Batu', 'Petugas Perah', '2001-01-01', 'SMA'),
('17417270011', 'Arif', 'Batu', '1987-04-19', 'Pria', 'Jl. Brau No 15 Kota Batu', 'Petugas Asrama', '2002-01-01', 'SMA'),
('17417270012', 'Andi Kurnia', 'Batu', '1986-08-21', 'Pria', 'Jl Giripurno No 80 Kota Batu', 'Petugas Asrama', '2003-01-01', 'SMA'),
('17417270013', 'Defri Maula', 'Batu', '1988-07-29', 'Pria', 'Jl. Sumber Brantas No 92 Kota Batu', 'Petugas Kandang', '2001-01-01', 'SMA'),
('17417270014', 'Irwan Hario', 'Batu', '1986-09-03', 'Pria', 'Jl Songgoriti No 72 Kota Batu', 'Petugas Kandang', '2003-01-01', 'SMA'),
('17417270015', 'Suhariono', 'Batu', '1986-05-17', 'Pria', 'Jl Songgoriti No 171 Kota BATU', 'Petugas Gudang', '2002-01-01', 'SMA'),
('17417270016', 'Suko Handik', 'Batu', '1979-05-14', 'Pria', 'Jl. Lesti No 132 Kota Batu', 'Petugas Kandang', '2003-01-01', 'SMA'),
('17417270017', 'Suyono', 'Batu', '1971-04-16', 'Pria', 'Jl. Patimura No 36 Kota Batu', 'Petugas Kebun', '2001-01-01', 'SMA'),
('17417270018', 'Wendi', 'Malang', '1987-06-13', 'Pria', 'Jl. Sidoagung No 73 Kab. Malang', 'Petugas Gudang Pakan', '2002-01-01', 'SMA'),
('17417270019', 'Wawan Risia', 'Batu', '1972-04-16', 'Pria', 'Jl. Basket No 74 Kota Batu', 'Petugas Kebun', '2003-01-01', 'SMA'),
('1741727002', 'Vira Rizkia', 'Batu', '1999-12-01', 'Wanita', 'Jl. Lesti No 24 Kota Batu', 'Resepsionis', '2015-01-01', 'D3'),
('17417270020', 'Rizki Priyo', 'Batu', '1999-05-12', 'Pria', 'Jl. Songgokerto No 142 Kota Batu', 'Petugas Asrama', '2004-01-01', 'SMA'),
('17417270021', 'Joko Priyon', 'Batu', '1982-07-16', 'Pria', 'Jl. Bumiaji No 45 Kota Batu', 'Petugas Keamanan', '2003-01-01', 'SMA'),
('17417270022', 'Saidimas', 'Batu', '1985-07-24', 'Pria', 'Jl. Songgokerto No 117 Kota Batu', 'Petugas Gudang Pakan', '2002-01-01', 'SMA'),
('17417270023', 'Riyanto', 'Batu', '1982-07-13', 'Pria', 'Jl. Sisir No 76 Kota Batu', 'Petugas Kandang', '2001-01-01', 'SMA'),
('17417270024', 'Jinurung', 'Batu', '1981-08-27', 'Pria', 'Jl. Ngaglik No 217 Kota Batu', 'Petugas Keamanan', '2002-01-01', 'SMA'),
('17417270025', 'Suwono', 'Bati', '1971-04-21', 'Pria', 'Jl. Songgokerto No 172 Kota Batu', 'Petugas Kandang', '2000-01-01', 'SMA'),
('1741727003', 'Wahyudi', 'Batu', '1989-01-03', 'Pria', 'Jl. Brau No 34 Kota Batu', 'Petugas Kandang', '2014-01-01', 'SMA'),
('1741727004', 'Misdi', 'Batu', '1980-12-05', 'Pria', 'Jl. Ngaglik No 21 Kota Batu', 'Petugas Asrama', '2000-08-08', 'SMA'),
('1741727005', 'Amik Purwat', 'Batu', '1979-12-05', 'Wanita', 'Jl. Sisir No 45 Kota Batu', 'Petugas Asrama', '2000-08-06', 'SMA'),
('1741727006', 'Darto', 'Batu', '1982-12-11', 'Wanita', 'Jl. Songgokerto No 37 Kota Batu', 'Petugas Asrama', '2000-01-01', 'SMA'),
('1741727007', 'M. Ali', 'Batu', '1980-10-08', 'Pria', 'JL. Mawar No 71 Kota Batu', 'Petugas Kandang', '2001-01-01', 'SMA'),
('1741727008', 'Deny Kristi', 'Batu', '1989-12-02', 'Pria', 'JL. Songgorti No 87 Kota Batu', 'Petugas Asrama', '2003-01-01', 'SMA'),
('1741727009', 'David Mujio', 'Batu', '1989-12-10', 'Pria', 'Jl. Sisir No 176 Kota Batu', 'Petugas Kandang', '2004-02-01', 'SMA');

-- --------------------------------------------------------

--
-- Table structure for table `hasil_alternatif`
--

CREATE TABLE `hasil_alternatif` (
  `kriteria` varchar(30) NOT NULL,
  `alternatif1` varchar(30) NOT NULL,
  `bobot` float NOT NULL,
  `alternatif2` varchar(30) NOT NULL
) ENGINE=InnoDB DEFAULT CHARSET=latin1;

--
-- Dumping data for table `hasil_alternatif`
--

INSERT INTO `hasil_alternatif` (`kriteria`, `alternatif1`, `bobot`, `alternatif2`) VALUES
('1', '1741727002', 3, '1741727003'),
('1', '1741727002', 5, '1741727004'),
('1', '1741727002', 7, '1741727005'),
('1', '1741727002', 9, '1741727006'),
('1', '1741727003', 4, '1741727004'),
('1', '1741727003', 3, '1741727005'),
('1', '1741727003', 5, '1741727006'),
('1', '1741727004', 3, '1741727005'),
('1', '1741727004', 5, '1741727006'),
('1', '1741727005', 2, '1741727006'),
('2', '1741727002', 3, '1741727003'),
('2', '1741727002', 4, '1741727004'),
('2', '1741727002', 6, '1741727005'),
('2', '1741727002', 5, '1741727006'),
('2', '1741727003', 4, '1741727004'),
('2', '1741727003', 3, '1741727005'),
('2', '1741727003', 7, '1741727006'),
('2', '1741727004', 3, '1741727005'),
('2', '1741727004', 4, '1741727006'),
('2', '1741727005', 3, '1741727006'),
('3', '1741727002', 4, '1741727003'),
('3', '1741727002', 3, '1741727004'),
('3', '1741727002', 5, '1741727005'),
('3', '1741727002', 6, '1741727006'),
('3', '1741727003', 4, '1741727004'),
('3', '1741727003', 5, '1741727005'),
('3', '1741727003', 6, '1741727006'),
('3', '1741727004', 4, '1741727005'),
('3', '1741727004', 5, '1741727006'),
('3', '1741727005', 3, '1741727006'),
('4', '1741727002', 3, '1741727003'),
('4', '1741727002', 3, '1741727004'),
('4', '1741727002', 5, '1741727005'),
('4', '1741727002', 7, '1741727006'),
('4', '1741727003', 3, '1741727004'),
('4', '1741727003', 3, '1741727005'),
('4', '1741727003', 5, '1741727006'),
('4', '1741727004', 4, '1741727005'),
('4', '1741727004', 6, '1741727006'),
('4', '1741727005', 5, '1741727006'),
('5', '1741727002', 3, '1741727003'),
('5', '1741727002', 3, '1741727004'),
('5', '1741727002', 5, '1741727005'),
('5', '1741727002', 2, '1741727006'),
('5', '1741727003', 1, '1741727004'),
('5', '1741727003', 5, '1741727005'),
('5', '1741727003', 5, '1741727006'),
('5', '1741727004', 7, '1741727005'),
('5', '1741727004', 6, '1741727006'),
('5', '1741727005', 3, '1741727006'),
('1', '1741727002', 1, '1741727099'),
('1', '1741727003', 1, '1741727099'),
('1', '1741727004', 1, '1741727099'),
('1', '1741727005', 1, '1741727099'),
('1', '1741727006', 1, '1741727099'),
('2', '1741727002', 1, '1741727099'),
('2', '1741727003', 1, '1741727099'),
('2', '1741727004', 1, '1741727099'),
('2', '1741727005', 1, '1741727099'),
('2', '1741727006', 1, '1741727099'),
('3', '1741727002', 1, '1741727099'),
('3', '1741727003', 1, '1741727099'),
('3', '1741727004', 1, '1741727099'),
('3', '1741727005', 1, '1741727099'),
('3', '1741727006', 1, '1741727099'),
('4', '1741727002', 1, '1741727099'),
('4', '1741727003', 1, '1741727099'),
('4', '1741727004', 1, '1741727099'),
('4', '1741727005', 1, '1741727099'),
('4', '1741727006', 1, '1741727099'),
('5', '1741727002', 1, '1741727099'),
('5', '1741727003', 1, '1741727099'),
('5', '1741727004', 1, '1741727099'),
('5', '1741727005', 1, '1741727099'),
('5', '1741727006', 1, '1741727099'),
('1', '1741727002', 1, '19216811'),
('1', '1741727003', 1, '19216811'),
('1', '1741727004', 1, '19216811'),
('1', '1741727005', 1, '19216811'),
('1', '1741727006', 1, '19216811'),
('2', '1741727002', 1, '19216811'),
('2', '1741727003', 1, '19216811'),
('2', '1741727004', 1, '19216811'),
('2', '1741727005', 1, '19216811'),
('2', '1741727006', 1, '19216811'),
('3', '1741727002', 1, '19216811'),
('3', '1741727003', 1, '19216811'),
('3', '1741727004', 1, '19216811'),
('3', '1741727005', 1, '19216811'),
('3', '1741727006', 1, '19216811'),
('4', '1741727002', 1, '19216811'),
('4', '1741727003', 1, '19216811'),
('4', '1741727004', 1, '19216811'),
('4', '1741727005', 1, '19216811'),
('4', '1741727006', 2, '19216811'),
('5', '1741727002', 1, '19216811'),
('5', '1741727003', 1, '19216811'),
('5', '1741727004', 1, '19216811'),
('5', '1741727005', 1, '19216811'),
('5', '1741727006', 4, '19216811'),
('1', '1741727002', 1, '19216812'),
('1', '1741727003', 1, '19216812'),
('1', '1741727004', 1, '19216812'),
('1', '1741727005', 1, '19216812'),
('1', '1741727006', 1, '19216812'),
('1', '19216811', 1, '19216812'),
('2', '1741727002', 1, '19216812'),
('2', '1741727003', 1, '19216812'),
('2', '1741727004', 1, '19216812'),
('2', '1741727005', 1, '19216812'),
('2', '1741727006', 1, '19216812'),
('2', '19216811', 1, '19216812'),
('3', '1741727002', 1, '19216812'),
('3', '1741727003', 1, '19216812'),
('3', '1741727004', 1, '19216812'),
('3', '1741727005', 1, '19216812'),
('3', '1741727006', 1, '19216812'),
('3', '19216811', 1, '19216812'),
('4', '1741727002', 1, '19216812'),
('4', '1741727003', 1, '19216812'),
('4', '1741727004', 1, '19216812'),
('4', '1741727005', 1, '19216812'),
('4', '1741727006', 1, '19216812'),
('4', '19216811', 3, '19216812'),
('5', '1741727002', 1, '19216812'),
('5', '1741727003', 1, '19216812'),
('5', '1741727004', 1, '19216812'),
('5', '1741727005', 1, '19216812'),
('5', '1741727006', 2, '19216812'),
('5', '19216811', 1, '19216812'),
('1', '17417270010', 2, '17417270011'),
('1', '17417270010', 4, '17417270012'),
('1', '17417270010', 2, '17417270013'),
('1', '17417270010', 3, '17417270014'),
('1', '17417270010', 7, '17417270015'),
('1', '17417270010', 3, '17417270016'),
('1', '17417270010', 2, '17417270017'),
('1', '17417270010', 4, '17417270018'),
('1', '17417270010', 6, '17417270019'),
('1', '17417270010', 5, '1741727002'),
('1', '17417270010', 2, '17417270020'),
('1', '17417270010', 4, '17417270021'),
('1', '17417270010', 3, '17417270022'),
('1', '17417270010', 8, '17417270023'),
('1', '17417270010', 3, '17417270024'),
('1', '17417270010', 4, '17417270025'),
('1', '17417270010', 7, '1741727003'),
('1', '17417270010', 3, '1741727004'),
('1', '17417270010', 4, '1741727005'),
('1', '17417270010', 9, '1741727006'),
('1', '17417270010', 4, '1741727007'),
('1', '17417270010', 2, '1741727008'),
('1', '17417270010', 2, '1741727009'),
('1', '17417270011', 6, '17417270012'),
('1', '17417270011', 5, '17417270013'),
('1', '17417270011', 3, '17417270014'),
('1', '17417270011', 7, '17417270015'),
('1', '17417270011', 5, '17417270016'),
('1', '17417270011', 4, '17417270017'),
('1', '17417270011', 2, '17417270018'),
('1', '17417270011', 3, '17417270019'),
('1', '17417270011', 3, '1741727002'),
('1', '17417270011', 2, '17417270020'),
('1', '17417270011', 2, '17417270021'),
('1', '17417270011', 2, '17417270022'),
('1', '17417270011', 3, '17417270023'),
('1', '17417270011', 6, '17417270024'),
('1', '17417270011', 2, '17417270025'),
('1', '17417270011', 8, '1741727003'),
('1', '17417270011', 2, '1741727004'),
('1', '17417270011', 4, '1741727005'),
('1', '17417270011', 5, '1741727006'),
('1', '17417270011', 3, '1741727007'),
('1', '17417270011', 3, '1741727008'),
('1', '17417270011', 2, '1741727009'),
('1', '17417270012', 4, '17417270013'),
('1', '17417270012', 4, '17417270014'),
('1', '17417270012', 5, '17417270015'),
('1', '17417270012', 2, '17417270016'),
('1', '17417270012', 2, '17417270017'),
('1', '17417270012', 2, '17417270018'),
('1', '17417270012', 3, '17417270019'),
('1', '17417270012', 4, '1741727002'),
('1', '17417270012', 3, '17417270020'),
('1', '17417270012', 2, '17417270021'),
('1', '17417270012', 7, '17417270022'),
('1', '17417270012', 2, '17417270023'),
('1', '17417270012', 8, '17417270024'),
('1', '17417270012', 9, '17417270025'),
('1', '17417270012', 3, '1741727003'),
('1', '17417270012', 3, '1741727004'),
('1', '17417270012', 4, '1741727005'),
('1', '17417270012', 2, '1741727006'),
('1', '17417270012', 2, '1741727007'),
('1', '17417270012', 2, '1741727008'),
('1', '17417270012', 4, '1741727009'),
('1', '17417270013', 6, '17417270014'),
('1', '17417270013', 3, '17417270015'),
('1', '17417270013', 2, '17417270016'),
('1', '17417270013', 2, '17417270017'),
('1', '17417270013', 7, '17417270018'),
('1', '17417270013', 4, '17417270019'),
('1', '17417270013', 9, '1741727002'),
('1', '17417270013', 7, '17417270020'),
('1', '17417270013', 3, '17417270021'),
('1', '17417270013', 5, '17417270022'),
('1', '17417270013', 4, '17417270023'),
('1', '17417270013', 2, '17417270024'),
('1', '17417270013', 3, '17417270025'),
('1', '17417270013', 2, '1741727003'),
('1', '17417270013', 3, '1741727004'),
('1', '17417270013', 4, '1741727005'),
('1', '17417270013', 4, '1741727006'),
('1', '17417270013', 4, '1741727007'),
('1', '17417270013', 2, '1741727008'),
('1', '17417270013', 2, '1741727009'),
('1', '17417270014', 2, '17417270015'),
('1', '17417270014', 6, '17417270016'),
('1', '17417270014', 4, '17417270017'),
('1', '17417270014', 5, '17417270018'),
('1', '17417270014', 2, '17417270019'),
('1', '17417270014', 5, '1741727002'),
('1', '17417270014', 2, '17417270020'),
('1', '17417270014', 2, '17417270021'),
('1', '17417270014', 9, '17417270022'),
('1', '17417270014', 2, '17417270023'),
('1', '17417270014', 4, '17417270024'),
('1', '17417270014', 2, '17417270025'),
('1', '17417270014', 4, '1741727003'),
('1', '17417270014', 2, '1741727004'),
('1', '17417270014', 5, '1741727005'),
('1', '17417270014', 2, '1741727006'),
('1', '17417270014', 3, '1741727007'),
('1', '17417270014', 4, '1741727008'),
('1', '17417270014', 2, '1741727009'),
('1', '17417270015', 2, '17417270016'),
('1', '17417270015', 7, '17417270017'),
('1', '17417270015', 2, '17417270018'),
('1', '17417270015', 3, '17417270019'),
('1', '17417270015', 2, '1741727002'),
('1', '17417270015', 4, '17417270020'),
('1', '17417270015', 2, '17417270021'),
('1', '17417270015', 2, '17417270022'),
('1', '17417270015', 4, '17417270023'),
('1', '17417270015', 2, '17417270024'),
('1', '17417270015', 2, '17417270025'),
('1', '17417270015', 7, '1741727003'),
('1', '17417270015', 4, '1741727004'),
('1', '17417270015', 5, '1741727005'),
('1', '17417270015', 2, '1741727006'),
('1', '17417270015', 4, '1741727007'),
('1', '17417270015', 2, '1741727008'),
('1', '17417270015', 4, '1741727009'),
('1', '17417270016', 4, '17417270017'),
('1', '17417270016', 7, '17417270018'),
('1', '17417270016', 4, '17417270019'),
('1', '17417270016', 2, '1741727002'),
('1', '17417270016', 2, '17417270020'),
('1', '17417270016', 6, '17417270021'),
('1', '17417270016', 4, '17417270022'),
('1', '17417270016', 3, '17417270023'),
('1', '17417270016', 2, '17417270024'),
('1', '17417270016', 3, '17417270025'),
('1', '17417270016', 2, '1741727003'),
('1', '17417270016', 2, '1741727004'),
('1', '17417270016', 4, '1741727005'),
('1', '17417270016', 4, '1741727006'),
('1', '17417270016', 6, '1741727007'),
('1', '17417270016', 2, '1741727008'),
('1', '17417270016', 5, '1741727009'),
('1', '17417270017', 2, '17417270018'),
('1', '17417270017', 4, '17417270019'),
('1', '17417270017', 3, '1741727002'),
('1', '17417270017', 4, '17417270020'),
('1', '17417270017', 4, '17417270021'),
('1', '17417270017', 2, '17417270022'),
('1', '17417270017', 2, '17417270023'),
('1', '17417270017', 7, '17417270024'),
('1', '17417270017', 4, '17417270025'),
('1', '17417270017', 2, '1741727003'),
('1', '17417270017', 2, '1741727004'),
('1', '17417270017', 3, '1741727005'),
('1', '17417270017', 2, '1741727006'),
('1', '17417270017', 3, '1741727007'),
('1', '17417270017', 3, '1741727008'),
('1', '17417270017', 4, '1741727009'),
('1', '17417270018', 4, '17417270019'),
('1', '17417270018', 2, '1741727002'),
('1', '17417270018', 2, '17417270020'),
('1', '17417270018', 8, '17417270021'),
('1', '17417270018', 5, '17417270022'),
('1', '17417270018', 2, '17417270023'),
('1', '17417270018', 2, '17417270024'),
('1', '17417270018', 4, '17417270025'),
('1', '17417270018', 3, '1741727003'),
('1', '17417270018', 2, '1741727004'),
('1', '17417270018', 7, '1741727005'),
('1', '17417270018', 6, '1741727006'),
('1', '17417270018', 4, '1741727007'),
('1', '17417270018', 3, '1741727008'),
('1', '17417270018', 2, '1741727009'),
('1', '17417270019', 2, '1741727002'),
('1', '17417270019', 4, '17417270020'),
('1', '17417270019', 7, '17417270021'),
('1', '17417270019', 2, '17417270022'),
('1', '17417270019', 2, '17417270023'),
('1', '17417270019', 5, '17417270024'),
('1', '17417270019', 2, '17417270025'),
('1', '17417270019', 2, '1741727003'),
('1', '17417270019', 2, '1741727004'),
('1', '17417270019', 4, '1741727005'),
('1', '17417270019', 3, '1741727006'),
('1', '17417270019', 4, '1741727007'),
('1', '17417270019', 2, '1741727008'),
('1', '17417270019', 4, '1741727009'),
('1', '1741727002', 4, '17417270020'),
('1', '1741727002', 2, '17417270021'),
('1', '1741727002', 2, '17417270022'),
('1', '1741727002', 2, '17417270023'),
('1', '1741727002', 7, '17417270024'),
('1', '1741727002', 2, '17417270025'),
('1', '1741727002', 2, '1741727007'),
('1', '1741727002', 2, '1741727008'),
('1', '1741727002', 5, '1741727009'),
('1', '17417270020', 4, '17417270021'),
('1', '17417270020', 2, '17417270022'),
('1', '17417270020', 6, '17417270023'),
('1', '17417270020', 2, '17417270024'),
('1', '17417270020', 2, '17417270025'),
('1', '17417270020', 4, '1741727003'),
('1', '17417270020', 8, '1741727004'),
('1', '17417270020', 5, '1741727005'),
('1', '17417270020', 3, '1741727006'),
('1', '17417270020', 2, '1741727007'),
('1', '17417270020', 2, '1741727008'),
('1', '17417270020', 2, '1741727009'),
('1', '17417270021', 4, '17417270022'),
('1', '17417270021', 3, '17417270023'),
('1', '17417270021', 5, '17417270024'),
('1', '17417270021', 2, '17417270025'),
('1', '17417270021', 2, '1741727003'),
('1', '17417270021', 3, '1741727004'),
('1', '17417270021', 4, '1741727005'),
('1', '17417270021', 5, '1741727006'),
('1', '17417270021', 2, '1741727007'),
('1', '17417270021', 2, '1741727008'),
('1', '17417270021', 7, '1741727009'),
('1', '17417270022', 4, '17417270023'),
('1', '17417270022', 2, '17417270024'),
('1', '17417270022', 2, '17417270025'),
('1', '17417270022', 9, '1741727003'),
('1', '17417270022', 2, '1741727004'),
('1', '17417270022', 4, '1741727005'),
('1', '17417270022', 4, '1741727006'),
('1', '17417270022', 2, '1741727007'),
('1', '17417270022', 6, '1741727008'),
('1', '17417270022', 2, '1741727009'),
('1', '17417270023', 2, '17417270024'),
('1', '17417270023', 7, '17417270025'),
('1', '17417270023', 2, '1741727003'),
('1', '17417270023', 3, '1741727004'),
('1', '17417270023', 4, '1741727005'),
('1', '17417270023', 2, '1741727006'),
('1', '17417270023', 4, '1741727007'),
('1', '17417270023', 2, '1741727008'),
('1', '17417270023', 4, '1741727009'),
('1', '17417270024', 2, '17417270025'),
('1', '17417270024', 5, '1741727003'),
('1', '17417270024', 2, '1741727004'),
('1', '17417270024', 2, '1741727005'),
('1', '17417270024', 5, '1741727006'),
('1', '17417270024', 2, '1741727007'),
('1', '17417270024', 3, '1741727008'),
('1', '17417270024', 4, '1741727009'),
('1', '17417270025', 5, '1741727003'),
('1', '17417270025', 4, '1741727004'),
('1', '17417270025', 2, '1741727005'),
('1', '17417270025', 6, '1741727006'),
('1', '17417270025', 2, '1741727007'),
('1', '17417270025', 4, '1741727008'),
('1', '17417270025', 2, '1741727009'),
('1', '1741727003', 2, '1741727007'),
('1', '1741727003', 3, '1741727008'),
('1', '1741727003', 7, '1741727009'),
('1', '1741727004', 2, '1741727007'),
('1', '1741727004', 2, '1741727008'),
('1', '1741727004', 7, '1741727009'),
('1', '1741727005', 5, '1741727007'),
('1', '1741727005', 2, '1741727008'),
('1', '1741727005', 4, '1741727009'),
('1', '1741727006', 2, '1741727007'),
('1', '1741727006', 3, '1741727008'),
('1', '1741727006', 3, '1741727009'),
('1', '1741727007', 2, '1741727008'),
('1', '1741727007', 5, '1741727009'),
('1', '1741727008', 7, '1741727009'),
('2', '17417270010', 2, '17417270011'),
('2', '17417270010', 2, '17417270012'),
('2', '17417270010', 3, '17417270013'),
('2', '17417270010', 3, '17417270014'),
('2', '17417270010', 3, '17417270015'),
('2', '17417270010', 2, '17417270016'),
('2', '17417270010', 4, '17417270017'),
('2', '17417270010', 4, '17417270018'),
('2', '17417270010', 2, '17417270019'),
('2', '17417270010', 2, '1741727002'),
('2', '17417270010', 3, '17417270020'),
('2', '17417270010', 4, '17417270021'),
('2', '17417270010', 7, '17417270022'),
('2', '17417270010', 3, '17417270023'),
('2', '17417270010', 3, '17417270024'),
('2', '17417270010', 3, '17417270025'),
('2', '17417270010', 2, '1741727003'),
('2', '17417270010', 2, '1741727004'),
('2', '17417270010', 4, '1741727005'),
('2', '17417270010', 4, '1741727006'),
('2', '17417270010', 2, '1741727007'),
('2', '17417270010', 2, '1741727008'),
('2', '17417270010', 6, '1741727009'),
('2', '17417270011', 2, '17417270012'),
('2', '17417270011', 4, '17417270013'),
('2', '17417270011', 3, '17417270014'),
('2', '17417270011', 7, '17417270015'),
('2', '17417270011', 3, '17417270016'),
('2', '17417270011', 2, '17417270017'),
('2', '17417270011', 2, '17417270018'),
('2', '17417270011', 2, '17417270019'),
('2', '17417270011', 2, '1741727002'),
('2', '17417270011', 3, '17417270020'),
('2', '17417270011', 2, '17417270021'),
('2', '17417270011', 3, '17417270022'),
('2', '17417270011', 3, '17417270023'),
('2', '17417270011', 4, '17417270024'),
('2', '17417270011', 3, '17417270025'),
('2', '17417270011', 2, '1741727003'),
('2', '17417270011', 3, '1741727004'),
('2', '17417270011', 2, '1741727005'),
('2', '17417270011', 2, '1741727006'),
('2', '17417270011', 2, '1741727007'),
('2', '17417270011', 2, '1741727008'),
('2', '17417270011', 2, '1741727009'),
('2', '17417270012', 4, '17417270013'),
('2', '17417270012', 5, '17417270014'),
('2', '17417270012', 3, '17417270015'),
('2', '17417270012', 2, '17417270016'),
('2', '17417270012', 2, '17417270017'),
('2', '17417270012', 4, '17417270018'),
('2', '17417270012', 3, '17417270019'),
('2', '17417270012', 4, '1741727002'),
('2', '17417270012', 6, '17417270020'),
('2', '17417270012', 3, '17417270021'),
('2', '17417270012', 3, '17417270022'),
('2', '17417270012', 4, '17417270023'),
('2', '17417270012', 5, '17417270024'),
('2', '17417270012', 2, '17417270025'),
('2', '17417270012', 7, '1741727003'),
('2', '17417270012', 5, '1741727004'),
('2', '17417270012', 3, '1741727005'),
('2', '17417270012', 2, '1741727006'),
('2', '17417270012', 2, '1741727007'),
('2', '17417270012', 3, '1741727008'),
('2', '17417270012', 2, '1741727009'),
('2', '17417270013', 2, '17417270014'),
('2', '17417270013', 2, '17417270015'),
('2', '17417270013', 3, '17417270016'),
('2', '17417270013', 3, '17417270017'),
('2', '17417270013', 4, '17417270018'),
('2', '17417270013', 2, '17417270019'),
('2', '17417270013', 3, '1741727002'),
('2', '17417270013', 2, '17417270020'),
('2', '17417270013', 2, '17417270021'),
('2', '17417270013', 2, '17417270022'),
('2', '17417270013', 4, '17417270023'),
('2', '17417270013', 3, '17417270024'),
('2', '17417270013', 4, '17417270025'),
('2', '17417270013', 2, '1741727003'),
('2', '17417270013', 3, '1741727004'),
('2', '17417270013', 8, '1741727005'),
('2', '17417270013', 2, '1741727006'),
('2', '17417270013', 2, '1741727007'),
('2', '17417270013', 3, '1741727008'),
('2', '17417270013', 3, '1741727009'),
('2', '17417270014', 3, '17417270015'),
('2', '17417270014', 2, '17417270016'),
('2', '17417270014', 3, '17417270017'),
('2', '17417270014', 3, '17417270018'),
('2', '17417270014', 2, '17417270019'),
('2', '17417270014', 9, '1741727002'),
('2', '17417270014', 3, '17417270020'),
('2', '17417270014', 2, '17417270021'),
('2', '17417270014', 3, '17417270022'),
('2', '17417270014', 3, '17417270023'),
('2', '17417270014', 2, '17417270024'),
('2', '17417270014', 2, '17417270025'),
('2', '17417270014', 3, '1741727003'),
('2', '17417270014', 2, '1741727004'),
('2', '17417270014', 5, '1741727005'),
('2', '17417270014', 4, '1741727006'),
('2', '17417270014', 2, '1741727007'),
('2', '17417270014', 3, '1741727008'),
('2', '17417270014', 2, '1741727009'),
('2', '17417270015', 3, '17417270016'),
('2', '17417270015', 4, '17417270017'),
('2', '17417270015', 3, '17417270018'),
('2', '17417270015', 2, '17417270019'),
('2', '17417270015', 3, '1741727002'),
('2', '17417270015', 2, '17417270020'),
('2', '17417270015', 2, '17417270021'),
('2', '17417270015', 2, '17417270022'),
('2', '17417270015', 3, '17417270023'),
('2', '17417270015', 3, '17417270024'),
('2', '17417270015', 2, '17417270025'),
('2', '17417270015', 3, '1741727003'),
('2', '17417270015', 2, '1741727004'),
('2', '17417270015', 2, '1741727005'),
('2', '17417270015', 3, '1741727006'),
('2', '17417270015', 2, '1741727007'),
('2', '17417270015', 2, '1741727008'),
('2', '17417270015', 2, '1741727009'),
('2', '17417270016', 4, '17417270017'),
('2', '17417270016', 2, '17417270018'),
('2', '17417270016', 3, '17417270019'),
('2', '17417270016', 2, '1741727002'),
('2', '17417270016', 2, '17417270020'),
('2', '17417270016', 4, '17417270021'),
('2', '17417270016', 3, '17417270022'),
('2', '17417270016', 3, '17417270023'),
('2', '17417270016', 3, '17417270024'),
('2', '17417270016', 2, '17417270025'),
('2', '17417270016', 2, '1741727003'),
('2', '17417270016', 2, '1741727004'),
('2', '17417270016', 2, '1741727005'),
('2', '17417270016', 4, '1741727006'),
('2', '17417270016', 2, '1741727007'),
('2', '17417270016', 3, '1741727008'),
('2', '17417270016', 2, '1741727009'),
('2', '17417270017', 4, '17417270018'),
('2', '17417270017', 3, '17417270019'),
('2', '17417270017', 2, '1741727002'),
('2', '17417270017', 3, '17417270020'),
('2', '17417270017', 4, '17417270021'),
('2', '17417270017', 5, '17417270022'),
('2', '17417270017', 3, '17417270023'),
('2', '17417270017', 3, '17417270024'),
('2', '17417270017', 2, '17417270025'),
('2', '17417270017', 2, '1741727003'),
('2', '17417270017', 4, '1741727004'),
('2', '17417270017', 3, '1741727005'),
('2', '17417270017', 3, '1741727006'),
('2', '17417270017', 4, '1741727007'),
('2', '17417270017', 2, '1741727008'),
('2', '17417270017', 6, '1741727009'),
('2', '17417270018', 5, '17417270019'),
('2', '17417270018', 2, '1741727002'),
('2', '17417270018', 4, '17417270020'),
('2', '17417270018', 4, '17417270021'),
('2', '17417270018', 2, '17417270022'),
('2', '17417270018', 2, '17417270023'),
('2', '17417270018', 3, '17417270024'),
('2', '17417270018', 2, '17417270025'),
('2', '17417270018', 3, '1741727003'),
('2', '17417270018', 6, '1741727004'),
('2', '17417270018', 2, '1741727005'),
('2', '17417270018', 4, '1741727006'),
('2', '17417270018', 3, '1741727007'),
('2', '17417270018', 3, '1741727008'),
('2', '17417270018', 4, '1741727009'),
('2', '17417270019', 3, '1741727002'),
('2', '17417270019', 3, '17417270020'),
('2', '17417270019', 3, '17417270021'),
('2', '17417270019', 3, '17417270022'),
('2', '17417270019', 2, '17417270023'),
('2', '17417270019', 3, '17417270024'),
('2', '17417270019', 4, '17417270025'),
('2', '17417270019', 2, '1741727003'),
('2', '17417270019', 4, '1741727004'),
('2', '17417270019', 6, '1741727005'),
('2', '17417270019', 3, '1741727006'),
('2', '17417270019', 2, '1741727007'),
('2', '17417270019', 2, '1741727008'),
('2', '17417270019', 5, '1741727009'),
('2', '1741727002', 4, '17417270020'),
('2', '1741727002', 4, '17417270021'),
('2', '1741727002', 2, '17417270022'),
('2', '1741727002', 2, '17417270023'),
('2', '1741727002', 3, '17417270024'),
('2', '1741727002', 2, '17417270025'),
('2', '1741727002', 3, '1741727007'),
('2', '1741727002', 3, '1741727008'),
('2', '1741727002', 2, '1741727009'),
('2', '17417270020', 2, '17417270021'),
('2', '17417270020', 2, '17417270022'),
('2', '17417270020', 6, '17417270023'),
('2', '17417270020', 2, '17417270024'),
('2', '17417270020', 4, '17417270025'),
('2', '17417270020', 6, '1741727003'),
('2', '17417270020', 9, '1741727004'),
('2', '17417270020', 2, '1741727005'),
('2', '17417270020', 5, '1741727006'),
('2', '17417270020', 3, '1741727007'),
('2', '17417270020', 3, '1741727008'),
('2', '17417270020', 2, '1741727009'),
('2', '17417270021', 3, '17417270022'),
('2', '17417270021', 5, '17417270023'),
('2', '17417270021', 3, '17417270024'),
('2', '17417270021', 3, '17417270025'),
('2', '17417270021', 5, '1741727003'),
('2', '17417270021', 3, '1741727004'),
('2', '17417270021', 2, '1741727005'),
('2', '17417270021', 2, '1741727006'),
('2', '17417270021', 2, '1741727007'),
('2', '17417270021', 2, '1741727008'),
('2', '17417270021', 3, '1741727009'),
('2', '17417270022', 3, '17417270023'),
('2', '17417270022', 6, '17417270024'),
('2', '17417270022', 2, '17417270025'),
('2', '17417270022', 2, '1741727003'),
('2', '17417270022', 4, '1741727004'),
('2', '17417270022', 3, '1741727005'),
('2', '17417270022', 2, '1741727006'),
('2', '17417270022', 3, '1741727007'),
('2', '17417270022', 3, '1741727008'),
('2', '17417270022', 2, '1741727009'),
('2', '17417270023', 3, '17417270024'),
('2', '17417270023', 2, '17417270025'),
('2', '17417270023', 2, '1741727003'),
('2', '17417270023', 5, '1741727004'),
('2', '17417270023', 5, '1741727005'),
('2', '17417270023', 4, '1741727006'),
('2', '17417270023', 3, '1741727007'),
('2', '17417270023', 2, '1741727008'),
('2', '17417270023', 2, '1741727009'),
('2', '17417270024', 3, '17417270025'),
('2', '17417270024', 2, '1741727003'),
('2', '17417270024', 3, '1741727004'),
('2', '17417270024', 3, '1741727005'),
('2', '17417270024', 2, '1741727006'),
('2', '17417270024', 3, '1741727007'),
('2', '17417270024', 3, '1741727008'),
('2', '17417270024', 4, '1741727009'),
('2', '17417270025', 3, '1741727003'),
('2', '17417270025', 4, '1741727004'),
('2', '17417270025', 2, '1741727005'),
('2', '17417270025', 3, '1741727006'),
('2', '17417270025', 3, '1741727007'),
('2', '17417270025', 6, '1741727008'),
('2', '17417270025', 2, '1741727009'),
('2', '1741727003', 3, '1741727007'),
('2', '1741727003', 4, '1741727008'),
('2', '1741727003', 2, '1741727009'),
('2', '1741727004', 2, '1741727007'),
('2', '1741727004', 2, '1741727008'),
('2', '1741727004', 3, '1741727009'),
('2', '1741727005', 3, '1741727007'),
('2', '1741727005', 2, '1741727008'),
('2', '1741727005', 3, '1741727009'),
('2', '1741727006', 7, '1741727007'),
('2', '1741727006', 2, '1741727008'),
('2', '1741727006', 2, '1741727009'),
('2', '1741727007', 5, '1741727008'),
('2', '1741727007', 2, '1741727009'),
('2', '1741727008', 2, '1741727009'),
('3', '17417270010', 3, '17417270011'),
('3', '17417270010', 2, '17417270012'),
('3', '17417270010', 2, '17417270013'),
('3', '17417270010', 3, '17417270014'),
('3', '17417270010', 3, '17417270015'),
('3', '17417270010', 2, '17417270016'),
('3', '17417270010', 2, '17417270017'),
('3', '17417270010', 5, '17417270018'),
('3', '17417270010', 6, '17417270019'),
('3', '17417270010', 2, '1741727002'),
('3', '17417270010', 3, '17417270020'),
('3', '17417270010', 2, '17417270021'),
('3', '17417270010', 3, '17417270022'),
('3', '17417270010', 5, '17417270023'),
('3', '17417270010', 2, '17417270024'),
('3', '17417270010', 2, '17417270025'),
('3', '17417270010', 2, '1741727003'),
('3', '17417270010', 3, '1741727004'),
('3', '17417270010', 7, '1741727005'),
('3', '17417270010', 3, '1741727006'),
('3', '17417270010', 3, '1741727007'),
('3', '17417270010', 4, '1741727008'),
('3', '17417270010', 4, '1741727009'),
('3', '17417270011', 4, '17417270012'),
('3', '17417270011', 6, '17417270013'),
('3', '17417270011', 3, '17417270014'),
('3', '17417270011', 3, '17417270015'),
('3', '17417270011', 6, '17417270016'),
('3', '17417270011', 2, '17417270017'),
('3', '17417270011', 4, '17417270018'),
('3', '17417270011', 5, '17417270019'),
('3', '17417270011', 3, '1741727002'),
('3', '17417270011', 3, '17417270020'),
('3', '17417270011', 4, '17417270021'),
('3', '17417270011', 4, '17417270022'),
('3', '17417270011', 3, '17417270023'),
('3', '17417270011', 4, '17417270024'),
('3', '17417270011', 2, '17417270025'),
('3', '17417270011', 3, '1741727003'),
('3', '17417270011', 3, '1741727004'),
('3', '17417270011', 6, '1741727005'),
('3', '17417270011', 2, '1741727006'),
('3', '17417270011', 2, '1741727007'),
('3', '17417270011', 2, '1741727008'),
('3', '17417270011', 7, '1741727009'),
('3', '17417270012', 3, '17417270013'),
('3', '17417270012', 2, '17417270014'),
('3', '17417270012', 3, '17417270015'),
('3', '17417270012', 4, '17417270016'),
('3', '17417270012', 3, '17417270017'),
('3', '17417270012', 3, '17417270018'),
('3', '17417270012', 2, '17417270019'),
('3', '17417270012', 3, '1741727002'),
('3', '17417270012', 3, '17417270020'),
('3', '17417270012', 6, '17417270021'),
('3', '17417270012', 3, '17417270022'),
('3', '17417270012', 3, '17417270023'),
('3', '17417270012', 2, '17417270024'),
('3', '17417270012', 2, '17417270025'),
('3', '17417270012', 3, '1741727003'),
('3', '17417270012', 2, '1741727004'),
('3', '17417270012', 4, '1741727005'),
('3', '17417270012', 4, '1741727006'),
('3', '17417270012', 4, '1741727007'),
('3', '17417270012', 2, '1741727008'),
('3', '17417270012', 4, '1741727009'),
('3', '17417270013', 2, '17417270014'),
('3', '17417270013', 1, '17417270015'),
('3', '17417270013', 2, '17417270016'),
('3', '17417270013', 2, '17417270017'),
('3', '17417270013', 3, '17417270018'),
('3', '17417270013', 3, '17417270019'),
('3', '17417270013', 7, '1741727002'),
('3', '17417270013', 5, '17417270020'),
('3', '17417270013', 2, '17417270021'),
('3', '17417270013', 3, '17417270022'),
('3', '17417270013', 3, '17417270023'),
('3', '17417270013', 4, '17417270024'),
('3', '17417270013', 3, '17417270025'),
('3', '17417270013', 3, '1741727003'),
('3', '17417270013', 3, '1741727004'),
('3', '17417270013', 2, '1741727005'),
('3', '17417270013', 3, '1741727006'),
('3', '17417270013', 2, '1741727007'),
('3', '17417270013', 2, '1741727008'),
('3', '17417270013', 3, '1741727009'),
('3', '17417270014', 3, '17417270015'),
('3', '17417270014', 3, '17417270016'),
('3', '17417270014', 3, '17417270017'),
('3', '17417270014', 4, '17417270018'),
('3', '17417270014', 6, '17417270019'),
('3', '17417270014', 2, '1741727002'),
('3', '17417270014', 2, '17417270020'),
('3', '17417270014', 3, '17417270021'),
('3', '17417270014', 3, '17417270022'),
('3', '17417270014', 2, '17417270023'),
('3', '17417270014', 3, '17417270024'),
('3', '17417270014', 2, '17417270025'),
('3', '17417270014', 2, '1741727003'),
('3', '17417270014', 2, '1741727004'),
('3', '17417270014', 2, '1741727005'),
('3', '17417270014', 6, '1741727006'),
('3', '17417270014', 3, '1741727007'),
('3', '17417270014', 3, '1741727008'),
('3', '17417270014', 3, '1741727009'),
('3', '17417270015', 3, '17417270016'),
('3', '17417270015', 3, '17417270017'),
('3', '17417270015', 2, '17417270018'),
('3', '17417270015', 2, '17417270019'),
('3', '17417270015', 7, '1741727002'),
('3', '17417270015', 2, '17417270020'),
('3', '17417270015', 2, '17417270021'),
('3', '17417270015', 2, '17417270022'),
('3', '17417270015', 4, '17417270023'),
('3', '17417270015', 3, '17417270024'),
('3', '17417270015', 3, '17417270025'),
('3', '17417270015', 2, '1741727003'),
('3', '17417270015', 4, '1741727004'),
('3', '17417270015', 5, '1741727005'),
('3', '17417270015', 2, '1741727006'),
('3', '17417270015', 2, '1741727007'),
('3', '17417270015', 4, '1741727008'),
('3', '17417270015', 4, '1741727009'),
('3', '17417270016', 4, '17417270017'),
('3', '17417270016', 2, '17417270018'),
('3', '17417270016', 2, '17417270019'),
('3', '17417270016', 2, '1741727002'),
('3', '17417270016', 2, '17417270020'),
('3', '17417270016', 3, '17417270021'),
('3', '17417270016', 5, '17417270022'),
('3', '17417270016', 3, '17417270023'),
('3', '17417270016', 3, '17417270024'),
('3', '17417270016', 3, '17417270025'),
('3', '17417270016', 3, '1741727003'),
('3', '17417270016', 2, '1741727004'),
('3', '17417270016', 2, '1741727005'),
('3', '17417270016', 2, '1741727006'),
('3', '17417270016', 4, '1741727007'),
('3', '17417270016', 4, '1741727008'),
('3', '17417270016', 6, '1741727009'),
('3', '17417270017', 2, '17417270018'),
('3', '17417270017', 2, '17417270019'),
('3', '17417270017', 2, '1741727002'),
('3', '17417270017', 5, '17417270020'),
('3', '17417270017', 2, '17417270021'),
('3', '17417270017', 3, '17417270022'),
('3', '17417270017', 2, '17417270023'),
('3', '17417270017', 2, '17417270024'),
('3', '17417270017', 4, '17417270025'),
('3', '17417270017', 5, '1741727003'),
('3', '17417270017', 4, '1741727004'),
('3', '17417270017', 3, '1741727005'),
('3', '17417270017', 4, '1741727006'),
('3', '17417270017', 4, '1741727007'),
('3', '17417270017', 4, '1741727008'),
('3', '17417270017', 2, '1741727009'),
('3', '17417270018', 3, '17417270019'),
('3', '17417270018', 2, '1741727002'),
('3', '17417270018', 2, '17417270020'),
('3', '17417270018', 2, '17417270021'),
('3', '17417270018', 3, '17417270022'),
('3', '17417270018', 2, '17417270023'),
('3', '17417270018', 2, '17417270024'),
('3', '17417270018', 4, '17417270025'),
('3', '17417270018', 4, '1741727003'),
('3', '17417270018', 2, '1741727004'),
('3', '17417270018', 3, '1741727005'),
('3', '17417270018', 3, '1741727006'),
('3', '17417270018', 3, '1741727007'),
('3', '17417270018', 8, '1741727008'),
('3', '17417270018', 5, '1741727009'),
('3', '17417270019', 2, '1741727002'),
('3', '17417270019', 2, '17417270020'),
('3', '17417270019', 3, '17417270021'),
('3', '17417270019', 3, '17417270022'),
('3', '17417270019', 2, '17417270023'),
('3', '17417270019', 4, '17417270024'),
('3', '17417270019', 3, '17417270025'),
('3', '17417270019', 4, '1741727003'),
('3', '17417270019', 2, '1741727004'),
('3', '17417270019', 4, '1741727005'),
('3', '17417270019', 3, '1741727006'),
('3', '17417270019', 2, '1741727007'),
('3', '17417270019', 2, '1741727008'),
('3', '17417270019', 4, '1741727009'),
('3', '1741727002', 4, '17417270020'),
('3', '1741727002', 3, '17417270021'),
('3', '1741727002', 3, '17417270022'),
('3', '1741727002', 2, '17417270023'),
('3', '1741727002', 4, '17417270024'),
('3', '1741727002', 2, '17417270025'),
('3', '1741727002', 3, '1741727007'),
('3', '1741727002', 4, '1741727008'),
('3', '1741727002', 7, '1741727009'),
('3', '17417270020', 2, '17417270021'),
('3', '17417270020', 3, '17417270022'),
('3', '17417270020', 3, '17417270023'),
('3', '17417270020', 3, '17417270024'),
('3', '17417270020', 5, '17417270025'),
('3', '17417270020', 2, '1741727003'),
('3', '17417270020', 2, '1741727004'),
('3', '17417270020', 2, '1741727005'),
('3', '17417270020', 7, '1741727006'),
('3', '17417270020', 2, '1741727007'),
('3', '17417270020', 4, '1741727008'),
('3', '17417270020', 2, '1741727009'),
('3', '17417270021', 3, '17417270022'),
('3', '17417270021', 2, '17417270023'),
('3', '17417270021', 2, '17417270024'),
('3', '17417270021', 5, '17417270025'),
('3', '17417270021', 2, '1741727003'),
('3', '17417270021', 3, '1741727004'),
('3', '17417270021', 3, '1741727005'),
('3', '17417270021', 4, '1741727006'),
('3', '17417270021', 5, '1741727007'),
('3', '17417270021', 3, '1741727008'),
('3', '17417270021', 3, '1741727009'),
('3', '17417270022', 2, '17417270023'),
('3', '17417270022', 3, '17417270024'),
('3', '17417270022', 2, '17417270025'),
('3', '17417270022', 2, '1741727003'),
('3', '17417270022', 2, '1741727004'),
('3', '17417270022', 3, '1741727005'),
('3', '17417270022', 7, '1741727006'),
('3', '17417270022', 3, '1741727007'),
('3', '17417270022', 3, '1741727008'),
('3', '17417270022', 2, '1741727009'),
('3', '17417270023', 2, '17417270024'),
('3', '17417270023', 2, '17417270025'),
('3', '17417270023', 5, '1741727003'),
('3', '17417270023', 2, '1741727004'),
('3', '17417270023', 3, '1741727005'),
('3', '17417270023', 2, '1741727006'),
('3', '17417270023', 4, '1741727007'),
('3', '17417270023', 5, '1741727008'),
('3', '17417270023', 2, '1741727009'),
('3', '17417270024', 3, '17417270025'),
('3', '17417270024', 2, '1741727003'),
('3', '17417270024', 2, '1741727004'),
('3', '17417270024', 4, '1741727005'),
('3', '17417270024', 4, '1741727006'),
('3', '17417270024', 2, '1741727007'),
('3', '17417270024', 3, '1741727008'),
('3', '17417270024', 3, '1741727009'),
('3', '17417270025', 3, '1741727003'),
('3', '17417270025', 2, '1741727004'),
('3', '17417270025', 3, '1741727005'),
('3', '17417270025', 2, '1741727006'),
('3', '17417270025', 4, '1741727007'),
('3', '17417270025', 2, '1741727008'),
('3', '17417270025', 2, '1741727009'),
('3', '1741727003', 4, '1741727007'),
('3', '1741727003', 2, '1741727008'),
('3', '1741727003', 3, '1741727009'),
('3', '1741727004', 4, '1741727007'),
('3', '1741727004', 2, '1741727008'),
('3', '1741727004', 3, '1741727009'),
('3', '1741727005', 2, '1741727007'),
('3', '1741727005', 2, '1741727008'),
('3', '1741727005', 2, '1741727009'),
('3', '1741727006', 4, '1741727007'),
('3', '1741727006', 3, '1741727008'),
('3', '1741727006', 2, '1741727009'),
('3', '1741727007', 2, '1741727008'),
('3', '1741727007', 4, '1741727009'),
('3', '1741727008', 3, '1741727009'),
('4', '17417270010', 2, '17417270011'),
('4', '17417270010', 2, '17417270012'),
('4', '17417270010', 3, '17417270013'),
('4', '17417270010', 3, '17417270014'),
('4', '17417270010', 3, '17417270015'),
('4', '17417270010', 5, '17417270016'),
('4', '17417270010', 4, '17417270017'),
('4', '17417270010', 3, '17417270018'),
('4', '17417270010', 2, '17417270019'),
('4', '17417270010', 5, '1741727002'),
('4', '17417270010', 3, '17417270020'),
('4', '17417270010', 3, '17417270021'),
('4', '17417270010', 6, '17417270022'),
('4', '17417270010', 3, '17417270023'),
('4', '17417270010', 2, '17417270024'),
('4', '17417270010', 2, '17417270025'),
('4', '17417270010', 3, '1741727003'),
('4', '17417270010', 4, '1741727004'),
('4', '17417270010', 3, '1741727005'),
('4', '17417270010', 4, '1741727006'),
('4', '17417270010', 3, '1741727007'),
('4', '17417270010', 7, '1741727008'),
('4', '17417270010', 3, '1741727009'),
('4', '17417270011', 5, '17417270012'),
('4', '17417270011', 2, '17417270013'),
('4', '17417270011', 2, '17417270014'),
('4', '17417270011', 5, '17417270015'),
('4', '17417270011', 3, '17417270016'),
('4', '17417270011', 2, '17417270017'),
('4', '17417270011', 3, '17417270018'),
('4', '17417270011', 2, '17417270019'),
('4', '17417270011', 2, '1741727002'),
('4', '17417270011', 4, '17417270020'),
('4', '17417270011', 3, '17417270021'),
('4', '17417270011', 4, '17417270022'),
('4', '17417270011', 6, '17417270023'),
('4', '17417270011', 3, '17417270024'),
('4', '17417270011', 3, '17417270025'),
('4', '17417270011', 5, '1741727003'),
('4', '17417270011', 7, '1741727004'),
('4', '17417270011', 5, '1741727005'),
('4', '17417270011', 4, '1741727006'),
('4', '17417270011', 4, '1741727007'),
('4', '17417270011', 2, '1741727008'),
('4', '17417270011', 4, '1741727009'),
('4', '17417270012', 3, '17417270013'),
('4', '17417270012', 2, '17417270014'),
('4', '17417270012', 7, '17417270015'),
('4', '17417270012', 2, '17417270016'),
('4', '17417270012', 2, '17417270017'),
('4', '17417270012', 3, '17417270018'),
('4', '17417270012', 3, '17417270019'),
('4', '17417270012', 3, '1741727002'),
('4', '17417270012', 2, '17417270020'),
('4', '17417270012', 2, '17417270021'),
('4', '17417270012', 2, '17417270022'),
('4', '17417270012', 2, '17417270023'),
('4', '17417270012', 4, '17417270024'),
('4', '17417270012', 4, '17417270025'),
('4', '17417270012', 3, '1741727003'),
('4', '17417270012', 4, '1741727004'),
('4', '17417270012', 3, '1741727005'),
('4', '17417270012', 4, '1741727006'),
('4', '17417270012', 4, '1741727007'),
('4', '17417270012', 2, '1741727008'),
('4', '17417270012', 2, '1741727009'),
('4', '17417270013', 4, '17417270014'),
('4', '17417270013', 3, '17417270015'),
('4', '17417270013', 3, '17417270016'),
('4', '17417270013', 5, '17417270017'),
('4', '17417270013', 4, '17417270018'),
('4', '17417270013', 3, '17417270019'),
('4', '17417270013', 3, '1741727002'),
('4', '17417270013', 3, '17417270020'),
('4', '17417270013', 7, '17417270021'),
('4', '17417270013', 2, '17417270022'),
('4', '17417270013', 3, '17417270023'),
('4', '17417270013', 4, '17417270024'),
('4', '17417270013', 2, '17417270025'),
('4', '17417270013', 2, '1741727003'),
('4', '17417270013', 2, '1741727004'),
('4', '17417270013', 4, '1741727005'),
('4', '17417270013', 4, '1741727006'),
('4', '17417270013', 4, '1741727007'),
('4', '17417270013', 2, '1741727008'),
('4', '17417270013', 3, '1741727009'),
('4', '17417270014', 3, '17417270015'),
('4', '17417270014', 5, '17417270016'),
('4', '17417270014', 2, '17417270017'),
('4', '17417270014', 2, '17417270018'),
('4', '17417270014', 3, '17417270019'),
('4', '17417270014', 3, '1741727002'),
('4', '17417270014', 3, '17417270020'),
('4', '17417270014', 3, '17417270021'),
('4', '17417270014', 2, '17417270022'),
('4', '17417270014', 2, '17417270023'),
('4', '17417270014', 3, '17417270024'),
('4', '17417270014', 5, '17417270025'),
('4', '17417270014', 5, '1741727003'),
('4', '17417270014', 6, '1741727004'),
('4', '17417270014', 5, '1741727005'),
('4', '17417270014', 5, '1741727006'),
('4', '17417270014', 5, '1741727007'),
('4', '17417270014', 4, '1741727008'),
('4', '17417270014', 4, '1741727009'),
('4', '17417270015', 2, '17417270016'),
('4', '17417270015', 3, '17417270017'),
('4', '17417270015', 3, '17417270018'),
('4', '17417270015', 2, '17417270019'),
('4', '17417270015', 2, '1741727002'),
('4', '17417270015', 3, '17417270020'),
('4', '17417270015', 4, '17417270021'),
('4', '17417270015', 7, '17417270022'),
('4', '17417270015', 2, '17417270023'),
('4', '17417270015', 5, '17417270024'),
('4', '17417270015', 3, '17417270025'),
('4', '17417270015', 5, '1741727003'),
('4', '17417270015', 6, '1741727004'),
('4', '17417270015', 3, '1741727005'),
('4', '17417270015', 5, '1741727006'),
('4', '17417270015', 3, '1741727007'),
('4', '17417270015', 5, '1741727008'),
('4', '17417270015', 4, '1741727009'),
('4', '17417270016', 2, '17417270017'),
('4', '17417270016', 3, '17417270018'),
('4', '17417270016', 2, '17417270019'),
('4', '17417270016', 3, '1741727002'),
('4', '17417270016', 3, '17417270020'),
('4', '17417270016', 5, '17417270021'),
('4', '17417270016', 3, '17417270022'),
('4', '17417270016', 2, '17417270023'),
('4', '17417270016', 2, '17417270024'),
('4', '17417270016', 9, '17417270025'),
('4', '17417270016', 3, '1741727003'),
('4', '17417270016', 5, '1741727004'),
('4', '17417270016', 7, '1741727005'),
('4', '17417270016', 4, '1741727006'),
('4', '17417270016', 5, '1741727007'),
('4', '17417270016', 7, '1741727008'),
('4', '17417270016', 5, '1741727009'),
('4', '17417270017', 4, '17417270018'),
('4', '17417270017', 3, '17417270019'),
('4', '17417270017', 3, '1741727002'),
('4', '17417270017', 3, '17417270020'),
('4', '17417270017', 3, '17417270021'),
('4', '17417270017', 5, '17417270022'),
('4', '17417270017', 3, '17417270023'),
('4', '17417270017', 4, '17417270024'),
('4', '17417270017', 3, '17417270025'),
('4', '17417270017', 2, '1741727003'),
('4', '17417270017', 3, '1741727004'),
('4', '17417270017', 4, '1741727005'),
('4', '17417270017', 3, '1741727006'),
('4', '17417270017', 4, '1741727007'),
('4', '17417270017', 3, '1741727008'),
('4', '17417270017', 6, '1741727009'),
('4', '17417270018', 2, '17417270019'),
('4', '17417270018', 2, '1741727002'),
('4', '17417270018', 2, '17417270020'),
('4', '17417270018', 3, '17417270021'),
('4', '17417270018', 3, '17417270022'),
('4', '17417270018', 3, '17417270023'),
('4', '17417270018', 3, '17417270024'),
('4', '17417270018', 2, '17417270025'),
('4', '17417270018', 3, '1741727003'),
('4', '17417270018', 9, '1741727004'),
('4', '17417270018', 3, '1741727005'),
('4', '17417270018', 6, '1741727006'),
('4', '17417270018', 2, '1741727007'),
('4', '17417270018', 3, '1741727008'),
('4', '17417270018', 3, '1741727009'),
('4', '17417270019', 4, '1741727002'),
('4', '17417270019', 6, '17417270020'),
('4', '17417270019', 5, '17417270021'),
('4', '17417270019', 2, '17417270022'),
('4', '17417270019', 2, '17417270023'),
('4', '17417270019', 5, '17417270024'),
('4', '17417270019', 3, '17417270025'),
('4', '17417270019', 2, '1741727003'),
('4', '17417270019', 2, '1741727004'),
('4', '17417270019', 7, '1741727005'),
('4', '17417270019', 4, '1741727006'),
('4', '17417270019', 2, '1741727007'),
('4', '17417270019', 2, '1741727008'),
('4', '17417270019', 2, '1741727009'),
('4', '1741727002', 3, '17417270020'),
('4', '1741727002', 3, '17417270021'),
('4', '1741727002', 4, '17417270022'),
('4', '1741727002', 3, '17417270023'),
('4', '1741727002', 4, '17417270024'),
('4', '1741727002', 3, '17417270025'),
('4', '1741727002', 3, '1741727007'),
('4', '1741727002', 2, '1741727008'),
('4', '1741727002', 2, '1741727009'),
('4', '17417270020', 3, '17417270021'),
('4', '17417270020', 2, '17417270022'),
('4', '17417270020', 3, '17417270023'),
('4', '17417270020', 2, '17417270024'),
('4', '17417270020', 4, '17417270025'),
('4', '17417270020', 2, '1741727003'),
('4', '17417270020', 3, '1741727004'),
('4', '17417270020', 4, '1741727005'),
('4', '17417270020', 2, '1741727006'),
('4', '17417270020', 6, '1741727007'),
('4', '17417270020', 2, '1741727008'),
('4', '17417270020', 4, '1741727009'),
('4', '17417270021', 3, '17417270022'),
('4', '17417270021', 3, '17417270023'),
('4', '17417270021', 2, '17417270024'),
('4', '17417270021', 2, '17417270025'),
('4', '17417270021', 4, '1741727003'),
('4', '17417270021', 2, '1741727004'),
('4', '17417270021', 4, '1741727005'),
('4', '17417270021', 2, '1741727006'),
('4', '17417270021', 2, '1741727007'),
('4', '17417270021', 2, '1741727008'),
('4', '17417270021', 5, '1741727009'),
('4', '17417270022', 7, '17417270023'),
('4', '17417270022', 3, '17417270024'),
('4', '17417270022', 2, '17417270025'),
('4', '17417270022', 2, '1741727003'),
('4', '17417270022', 4, '1741727004'),
('4', '17417270022', 2, '1741727005'),
('4', '17417270022', 2, '1741727006'),
('4', '17417270022', 5, '1741727007'),
('4', '17417270022', 3, '1741727008'),
('4', '17417270022', 5, '1741727009'),
('4', '17417270023', 3, '17417270024'),
('4', '17417270023', 2, '17417270025'),
('4', '17417270023', 2, '1741727003'),
('4', '17417270023', 2, '1741727004'),
('4', '17417270023', 2, '1741727005'),
('4', '17417270023', 6, '1741727006'),
('4', '17417270023', 2, '1741727007'),
('4', '17417270023', 3, '1741727008'),
('4', '17417270023', 3, '1741727009'),
('4', '17417270024', 5, '17417270025'),
('4', '17417270024', 2, '1741727003'),
('4', '17417270024', 2, '1741727004'),
('4', '17417270024', 5, '1741727005'),
('4', '17417270024', 2, '1741727006'),
('4', '17417270024', 7, '1741727007'),
('4', '17417270024', 4, '1741727008'),
('4', '17417270024', 2, '1741727009'),
('4', '17417270025', 5, '1741727003'),
('4', '17417270025', 3, '1741727004'),
('4', '17417270025', 5, '1741727005'),
('4', '17417270025', 2, '1741727006'),
('4', '17417270025', 4, '1741727007'),
('4', '17417270025', 3, '1741727008'),
('4', '17417270025', 3, '1741727009'),
('4', '1741727003', 5, '1741727007'),
('4', '1741727003', 4, '1741727008'),
('4', '1741727003', 2, '1741727009'),
('4', '1741727004', 3, '1741727007'),
('4', '1741727004', 6, '1741727008'),
('4', '1741727004', 3, '1741727009'),
('4', '1741727005', 4, '1741727007'),
('4', '1741727005', 3, '1741727008'),
('4', '1741727005', 5, '1741727009'),
('4', '1741727006', 6, '1741727007'),
('4', '1741727006', 2, '1741727008'),
('4', '1741727006', 4, '1741727009'),
('4', '1741727007', 4, '1741727008'),
('4', '1741727007', 2, '1741727009'),
('4', '1741727008', 2, '1741727009'),
('5', '17417270010', 2, '17417270011'),
('5', '17417270010', 3, '17417270012'),
('5', '17417270010', 3, '17417270013'),
('5', '17417270010', 3, '17417270014'),
('5', '17417270010', 3, '17417270015'),
('5', '17417270010', 2, '17417270016'),
('5', '17417270010', 4, '17417270017'),
('5', '17417270010', 3, '17417270018'),
('5', '17417270010', 5, '17417270019'),
('5', '17417270010', 7, '1741727002'),
('5', '17417270010', 2, '17417270020'),
('5', '17417270010', 3, '17417270021'),
('5', '17417270010', 4, '17417270022'),
('5', '17417270010', 3, '17417270023'),
('5', '17417270010', 5, '17417270024'),
('5', '17417270010', 4, '17417270025'),
('5', '17417270010', 4, '1741727003'),
('5', '17417270010', 3, '1741727004'),
('5', '17417270010', 3, '1741727005'),
('5', '17417270010', 4, '1741727006'),
('5', '17417270010', 3, '1741727007'),
('5', '17417270010', 3, '1741727008'),
('5', '17417270010', 4, '1741727009'),
('5', '17417270011', 5, '17417270012'),
('5', '17417270011', 4, '17417270013'),
('5', '17417270011', 4, '17417270014'),
('5', '17417270011', 3, '17417270015'),
('5', '17417270011', 2, '17417270016'),
('5', '17417270011', 2, '17417270017'),
('5', '17417270011', 3, '17417270018'),
('5', '17417270011', 2, '17417270019'),
('5', '17417270011', 3, '1741727002'),
('5', '17417270011', 3, '17417270020'),
('5', '17417270011', 3, '17417270021'),
('5', '17417270011', 2, '17417270022'),
('5', '17417270011', 2, '17417270023'),
('5', '17417270011', 2, '17417270024'),
('5', '17417270011', 6, '17417270025'),
('5', '17417270011', 2, '1741727003'),
('5', '17417270011', 5, '1741727004'),
('5', '17417270011', 3, '1741727005'),
('5', '17417270011', 2, '1741727006'),
('5', '17417270011', 3, '1741727007'),
('5', '17417270011', 3, '1741727008'),
('5', '17417270011', 4, '1741727009'),
('5', '17417270012', 3, '17417270013'),
('5', '17417270012', 2, '17417270014'),
('5', '17417270012', 3, '17417270015'),
('5', '17417270012', 3, '17417270016'),
('5', '17417270012', 2, '17417270017'),
('5', '17417270012', 3, '17417270018'),
('5', '17417270012', 4, '17417270019'),
('5', '17417270012', 5, '1741727002'),
('5', '17417270012', 2, '17417270020'),
('5', '17417270012', 6, '17417270021'),
('5', '17417270012', 4, '17417270022'),
('5', '17417270012', 3, '17417270023'),
('5', '17417270012', 2, '17417270024'),
('5', '17417270012', 2, '17417270025'),
('5', '17417270012', 3, '1741727003'),
('5', '17417270012', 2, '1741727004'),
('5', '17417270012', 3, '1741727005'),
('5', '17417270012', 6, '1741727006'),
('5', '17417270012', 4, '1741727007'),
('5', '17417270012', 3, '1741727008'),
('5', '17417270012', 4, '1741727009'),
('5', '17417270013', 5, '17417270014'),
('5', '17417270013', 3, '17417270015'),
('5', '17417270013', 3, '17417270016'),
('5', '17417270013', 5, '17417270017'),
('5', '17417270013', 4, '17417270018'),
('5', '17417270013', 2, '17417270019'),
('5', '17417270013', 3, '1741727002'),
('5', '17417270013', 3, '17417270020'),
('5', '17417270013', 2, '17417270021'),
('5', '17417270013', 3, '17417270022'),
('5', '17417270013', 3, '17417270023'),
('5', '17417270013', 4, '17417270024'),
('5', '17417270013', 3, '17417270025'),
('5', '17417270013', 2, '1741727003'),
('5', '17417270013', 3, '1741727004'),
('5', '17417270013', 3, '1741727005'),
('5', '17417270013', 2, '1741727006'),
('5', '17417270013', 6, '1741727007'),
('5', '17417270013', 3, '1741727008'),
('5', '17417270013', 5, '1741727009'),
('5', '17417270014', 2, '17417270015'),
('5', '17417270014', 2, '17417270016'),
('5', '17417270014', 3, '17417270017'),
('5', '17417270014', 5, '17417270018'),
('5', '17417270014', 4, '17417270019'),
('5', '17417270014', 4, '1741727002'),
('5', '17417270014', 3, '17417270020'),
('5', '17417270014', 2, '17417270021'),
('5', '17417270014', 3, '17417270022'),
('5', '17417270014', 4, '17417270023'),
('5', '17417270014', 3, '17417270024'),
('5', '17417270014', 2, '17417270025'),
('5', '17417270014', 4, '1741727003'),
('5', '17417270014', 2, '1741727004'),
('5', '17417270014', 4, '1741727005'),
('5', '17417270014', 3, '1741727006'),
('5', '17417270014', 2, '1741727007'),
('5', '17417270014', 2, '1741727008'),
('5', '17417270014', 3, '1741727009'),
('5', '17417270015', 2, '17417270016'),
('5', '17417270015', 3, '17417270017'),
('5', '17417270015', 4, '17417270018'),
('5', '17417270015', 3, '17417270019'),
('5', '17417270015', 2, '1741727002'),
('5', '17417270015', 3, '17417270020'),
('5', '17417270015', 4, '17417270021'),
('5', '17417270015', 3, '17417270022'),
('5', '17417270015', 3, '17417270023'),
('5', '17417270015', 3, '17417270024'),
('5', '17417270015', 2, '17417270025'),
('5', '17417270015', 2, '1741727003'),
('5', '17417270015', 4, '1741727004'),
('5', '17417270015', 2, '1741727005'),
('5', '17417270015', 2, '1741727006'),
('5', '17417270015', 3, '1741727007'),
('5', '17417270015', 2, '1741727008'),
('5', '17417270015', 3, '1741727009'),
('5', '17417270016', 4, '17417270017'),
('5', '17417270016', 3, '17417270018'),
('5', '17417270016', 5, '17417270019'),
('5', '17417270016', 3, '1741727002'),
('5', '17417270016', 3, '17417270020'),
('5', '17417270016', 2, '17417270021'),
('5', '17417270016', 2, '17417270022'),
('5', '17417270016', 5, '17417270023'),
('5', '17417270016', 3, '17417270024'),
('5', '17417270016', 6, '17417270025'),
('5', '17417270016', 3, '1741727003'),
('5', '17417270016', 2, '1741727004'),
('5', '17417270016', 2, '1741727005'),
('5', '17417270016', 2, '1741727006'),
('5', '17417270016', 2, '1741727007'),
('5', '17417270016', 2, '1741727008'),
('5', '17417270016', 2, '1741727009'),
('5', '17417270017', 3, '17417270018'),
('5', '17417270017', 2, '17417270019'),
('5', '17417270017', 6, '1741727002'),
('5', '17417270017', 5, '17417270020'),
('5', '17417270017', 2, '17417270021'),
('5', '17417270017', 4, '17417270022'),
('5', '17417270017', 6, '17417270023'),
('5', '17417270017', 3, '17417270024');
INSERT INTO `hasil_alternatif` (`kriteria`, `alternatif1`, `bobot`, `alternatif2`) VALUES
('5', '17417270017', 4, '17417270025'),
('5', '17417270017', 3, '1741727003'),
('5', '17417270017', 4, '1741727004'),
('5', '17417270017', 5, '1741727005'),
('5', '17417270017', 2, '1741727006'),
('5', '17417270017', 3, '1741727007'),
('5', '17417270017', 4, '1741727008'),
('5', '17417270017', 3, '1741727009'),
('5', '17417270018', 6, '17417270019'),
('5', '17417270018', 2, '1741727002'),
('5', '17417270018', 2, '17417270020'),
('5', '17417270018', 8, '17417270021'),
('5', '17417270018', 3, '17417270022'),
('5', '17417270018', 3, '17417270023'),
('5', '17417270018', 6, '17417270024'),
('5', '17417270018', 4, '17417270025'),
('5', '17417270018', 3, '1741727003'),
('5', '17417270018', 4, '1741727004'),
('5', '17417270018', 3, '1741727005'),
('5', '17417270018', 4, '1741727006'),
('5', '17417270018', 5, '1741727007'),
('5', '17417270018', 2, '1741727008'),
('5', '17417270018', 2, '1741727009'),
('5', '17417270019', 6, '1741727002'),
('5', '17417270019', 2, '17417270020'),
('5', '17417270019', 4, '17417270021'),
('5', '17417270019', 3, '17417270022'),
('5', '17417270019', 2, '17417270023'),
('5', '17417270019', 2, '17417270024'),
('5', '17417270019', 3, '17417270025'),
('5', '17417270019', 3, '1741727003'),
('5', '17417270019', 7, '1741727004'),
('5', '17417270019', 3, '1741727005'),
('5', '17417270019', 3, '1741727006'),
('5', '17417270019', 3, '1741727007'),
('5', '17417270019', 3, '1741727008'),
('5', '17417270019', 3, '1741727009'),
('5', '1741727002', 2, '17417270020'),
('5', '1741727002', 3, '17417270021'),
('5', '1741727002', 2, '17417270022'),
('5', '1741727002', 3, '17417270023'),
('5', '1741727002', 3, '17417270024'),
('5', '1741727002', 2, '17417270025'),
('5', '1741727002', 5, '1741727007'),
('5', '1741727002', 3, '1741727008'),
('5', '1741727002', 3, '1741727009'),
('5', '17417270020', 2, '17417270021'),
('5', '17417270020', 4, '17417270022'),
('5', '17417270020', 4, '17417270023'),
('5', '17417270020', 3, '17417270024'),
('5', '17417270020', 4, '17417270025'),
('5', '17417270020', 2, '1741727003'),
('5', '17417270020', 2, '1741727004'),
('5', '17417270020', 2, '1741727005'),
('5', '17417270020', 3, '1741727006'),
('5', '17417270020', 2, '1741727007'),
('5', '17417270020', 2, '1741727008'),
('5', '17417270020', 6, '1741727009'),
('5', '17417270021', 4, '17417270022'),
('5', '17417270021', 2, '17417270023'),
('5', '17417270021', 3, '17417270024'),
('5', '17417270021', 4, '17417270025'),
('5', '17417270021', 2, '1741727003'),
('5', '17417270021', 5, '1741727004'),
('5', '17417270021', 3, '1741727005'),
('5', '17417270021', 3, '1741727006'),
('5', '17417270021', 4, '1741727007'),
('5', '17417270021', 2, '1741727008'),
('5', '17417270021', 3, '1741727009'),
('5', '17417270022', 2, '17417270023'),
('5', '17417270022', 2, '17417270024'),
('5', '17417270022', 7, '17417270025'),
('5', '17417270022', 2, '1741727003'),
('5', '17417270022', 2, '1741727004'),
('5', '17417270022', 5, '1741727005'),
('5', '17417270022', 3, '1741727006'),
('5', '17417270022', 5, '1741727007'),
('5', '17417270022', 3, '1741727008'),
('5', '17417270022', 2, '1741727009'),
('5', '17417270023', 3, '17417270024'),
('5', '17417270023', 3, '17417270025'),
('5', '17417270023', 4, '1741727003'),
('5', '17417270023', 3, '1741727004'),
('5', '17417270023', 3, '1741727005'),
('5', '17417270023', 4, '1741727006'),
('5', '17417270023', 4, '1741727007'),
('5', '17417270023', 3, '1741727008'),
('5', '17417270023', 3, '1741727009'),
('5', '17417270024', 3, '17417270025'),
('5', '17417270024', 2, '1741727003'),
('5', '17417270024', 4, '1741727004'),
('5', '17417270024', 7, '1741727005'),
('5', '17417270024', 3, '1741727006'),
('5', '17417270024', 5, '1741727007'),
('5', '17417270024', 4, '1741727008'),
('5', '17417270024', 6, '1741727009'),
('5', '17417270025', 3, '1741727003'),
('5', '17417270025', 5, '1741727004'),
('5', '17417270025', 2, '1741727005'),
('5', '17417270025', 4, '1741727006'),
('5', '17417270025', 2, '1741727007'),
('5', '17417270025', 2, '1741727008'),
('5', '17417270025', 3, '1741727009'),
('5', '1741727003', 2, '1741727007'),
('5', '1741727003', 5, '1741727008'),
('5', '1741727003', 7, '1741727009'),
('5', '1741727004', 3, '1741727007'),
('5', '1741727004', 4, '1741727008'),
('5', '1741727004', 2, '1741727009'),
('5', '1741727005', 3, '1741727007'),
('5', '1741727005', 4, '1741727008'),
('5', '1741727005', 6, '1741727009'),
('5', '1741727006', 2, '1741727007'),
('5', '1741727006', 3, '1741727008'),
('5', '1741727006', 2, '1741727009'),
('5', '1741727007', 4, '1741727008'),
('5', '1741727007', 3, '1741727009'),
('5', '1741727008', 5, '1741727009');

-- --------------------------------------------------------

--
-- Table structure for table `hasil_kriteria`
--

CREATE TABLE `hasil_kriteria` (
  `kriteria1` text NOT NULL,
  `bobot` text NOT NULL,
  `kriteria2` text NOT NULL
) ENGINE=InnoDB DEFAULT CHARSET=latin1;

--
-- Dumping data for table `hasil_kriteria`
--

INSERT INTO `hasil_kriteria` (`kriteria1`, `bobot`, `kriteria2`) VALUES
('1', '5', '2'),
('1', '2', '3'),
('1', '3', '4'),
('1', '9', '5'),
('2', '2', '3'),
('2', '4', '4'),
('2', '2', '5'),
('3', '2', '4'),
('3', '4', '5'),
('4', '2', '5');

-- --------------------------------------------------------

--
-- Table structure for table `kriteria`
--

CREATE TABLE `kriteria` (
  `id` int(11) NOT NULL,
  `nama` varchar(15) NOT NULL
) ENGINE=InnoDB DEFAULT CHARSET=latin1;

--
-- Dumping data for table `kriteria`
--

INSERT INTO `kriteria` (`id`, `nama`) VALUES
(1, 'Komitmen'),
(2, 'Keteladanan'),
(3, 'Profesionalisme'),
(4, 'Integritas'),
(5, 'Disiplin');

-- --------------------------------------------------------

--
-- Table structure for table `nilai_awal`
--

CREATE TABLE `nilai_awal` (
  `id` int(11) NOT NULL,
  `id_alternatif` varchar(20) NOT NULL,
  `nilai` int(11) NOT NULL,
  `keterangan` char(15) NOT NULL,
  `periode` int(11) NOT NULL
) ENGINE=InnoDB DEFAULT CHARSET=latin1;

--
-- Dumping data for table `nilai_awal`
--

INSERT INTO `nilai_awal` (`id`, `id_alternatif`, `nilai`, `keterangan`, `periode`) VALUES
(1, '1741727002', 90, 'Baik', 2018),
(2, '1741727003', 80, 'Cukup Baik', 2018),
(3, '1741727004', 70, 'Cukup Buruk', 2018),
(4, '1741727005', 60, 'Buruk', 2018),
(5, '1741727006', 60, 'Buruk', 2018),
(6, '1741727099', 70, 'Cukup Buruk', 2018),
(7, '19216811', 80, 'Cukup Baik', 2018),
(8, '19216812', 82, 'Baik', 2018),
(9, '17417270010', 80, 'Cukup Baik', 2018),
(10, '1741727007', 81, 'Baik', 2018),
(11, '1741727008', 79, 'Cukup Baik', 2018),
(12, '1741727009', 79, 'Cukup Baik', 2018),
(13, '17417270011', 79, 'Cukup Baik', 2018),
(14, '17417270012', 78, 'Cukup Baik', 2018),
(15, '17417270013', 78, 'Cukup Baik', 2018),
(16, '17417270014', 81, 'Baik', 2018),
(17, '17417270015', 81, 'Baik', 2018),
(18, '17417270016', 80, 'Cukup Baik', 2018),
(19, '17417270017', 78, 'Cukup Baik', 2018),
(20, '17417270018', 79, 'Cukup Baik', 2018),
(21, '17417270019', 80, 'Cukup Baik', 2018),
(22, '17417270020', 79, 'Cukup Baik', 2018),
(23, '17417270021', 80, 'Cukup Baik', 2018),
(24, '1741727003', 80, 'Cukup Baik', 2018),
(25, '17417270023', 79, 'Cukup Baik', 2018),
(26, '17417270024', 80, 'Cukup Baik', 2018),
(27, '17417270022', 80, 'Cukup Baik', 2018);

-- --------------------------------------------------------

--
-- Table structure for table `nilai_detail`
--

CREATE TABLE `nilai_detail` (
  `id` int(11) NOT NULL,
  `id_nilai_awal` int(11) NOT NULL,
  `id_kriteria` int(11) NOT NULL,
  `nilai` int(11) NOT NULL
) ENGINE=InnoDB DEFAULT CHARSET=latin1;

--
-- Dumping data for table `nilai_detail`
--

INSERT INTO `nilai_detail` (`id`, `id_nilai_awal`, `id_kriteria`, `nilai`) VALUES
(1, 1, 1, 90),
(2, 1, 2, 90),
(3, 1, 3, 90),
(4, 1, 4, 90),
(5, 1, 5, 90),
(6, 2, 1, 80),
(7, 2, 2, 80),
(8, 2, 3, 80),
(9, 2, 4, 80),
(10, 2, 5, 80),
(11, 3, 1, 70),
(12, 3, 2, 70),
(13, 3, 3, 70),
(14, 3, 4, 70),
(15, 3, 5, 70),
(16, 4, 1, 60),
(17, 4, 2, 60),
(18, 4, 3, 60),
(19, 4, 4, 60),
(20, 4, 5, 60),
(21, 5, 1, 50),
(22, 5, 2, 50),
(23, 5, 3, 50),
(24, 5, 4, 50),
(25, 5, 5, 98),
(26, 6, 1, 90),
(27, 6, 2, 80),
(28, 6, 3, 70),
(29, 6, 4, 60),
(30, 6, 5, 50),
(31, 7, 1, 100),
(32, 7, 2, 90),
(33, 7, 3, 80),
(34, 7, 4, 70),
(35, 7, 5, 60),
(36, 8, 1, 70),
(37, 8, 2, 77),
(38, 8, 3, 88),
(39, 8, 4, 77),
(40, 8, 5, 99),
(41, 9, 1, 75),
(42, 9, 2, 80),
(43, 9, 3, 90),
(44, 9, 4, 71),
(45, 9, 5, 82),
(46, 10, 1, 85),
(47, 10, 2, 82),
(48, 10, 3, 78),
(49, 10, 4, 81),
(50, 10, 5, 80),
(51, 11, 1, 75),
(52, 11, 2, 80),
(53, 11, 3, 71),
(54, 11, 4, 82),
(55, 11, 5, 85),
(56, 12, 1, 80),
(57, 12, 2, 83),
(58, 12, 3, 87),
(59, 12, 4, 75),
(60, 12, 5, 70),
(61, 13, 1, 84),
(62, 13, 2, 80),
(63, 13, 3, 85),
(64, 13, 4, 70),
(65, 13, 5, 75),
(66, 14, 1, 80),
(67, 14, 2, 85),
(68, 14, 3, 85),
(69, 14, 4, 70),
(70, 14, 5, 71),
(71, 15, 1, 75),
(72, 15, 2, 90),
(73, 15, 3, 80),
(74, 15, 4, 70),
(75, 15, 5, 75),
(76, 16, 1, 80),
(77, 16, 2, 75),
(78, 16, 3, 85),
(79, 16, 4, 85),
(80, 16, 5, 80),
(81, 17, 1, 80),
(82, 17, 2, 87),
(83, 17, 3, 85),
(84, 17, 4, 80),
(85, 17, 5, 75),
(86, 18, 1, 80),
(87, 18, 2, 80),
(88, 18, 3, 80),
(89, 18, 4, 85),
(90, 18, 5, 75),
(91, 19, 1, 80),
(92, 19, 2, 80),
(93, 19, 3, 75),
(94, 19, 4, 75),
(95, 19, 5, 80),
(96, 20, 1, 75),
(97, 20, 2, 70),
(98, 20, 3, 80),
(99, 20, 4, 85),
(100, 20, 5, 85),
(101, 21, 1, 85),
(102, 21, 2, 80),
(103, 21, 3, 80),
(104, 21, 4, 80),
(105, 21, 5, 75),
(106, 22, 1, 80),
(107, 22, 2, 76),
(108, 22, 3, 80),
(109, 22, 4, 80),
(110, 22, 5, 80),
(111, 23, 1, 90),
(112, 23, 2, 70),
(113, 23, 3, 85),
(114, 23, 4, 75),
(115, 23, 5, 80),
(116, 24, 1, 85),
(117, 24, 2, 80),
(118, 24, 3, 75),
(119, 24, 4, 80),
(120, 24, 5, 80),
(121, 25, 1, 75),
(122, 25, 2, 75),
(123, 25, 3, 80),
(124, 25, 4, 80),
(125, 25, 5, 85),
(126, 26, 1, 80),
(127, 26, 2, 75),
(128, 26, 3, 80),
(129, 26, 4, 80),
(130, 26, 5, 85),
(131, 27, 1, 80),
(132, 27, 2, 75),
(133, 27, 3, 80),
(134, 27, 4, 80),
(135, 27, 5, 85);

-- --------------------------------------------------------

--
-- Table structure for table `pengguna`
--

CREATE TABLE `pengguna` (
  `id` int(11) NOT NULL,
  `nama_lengkap` varchar(30) NOT NULL,
  `role` varchar(15) NOT NULL,
  `username` varchar(30) NOT NULL,
  `password` text NOT NULL,
  `com_pas` text NOT NULL
) ENGINE=InnoDB DEFAULT CHARSET=latin1;

--
-- Dumping data for table `pengguna`
--

INSERT INTO `pengguna` (`id`, `nama_lengkap`, `role`, `username`, `password`, `com_pas`) VALUES
(1, 'Admin', 'Admin', 'Admin', '81dc9bdb52d04dc20036dbd8313ed055', '1234'),
(2, 'Rusmilawati', 'atasan', 'rusmila', '81dc9bdb52d04dc20036dbd8313ed055', '1234'),
(11, 'aab', 'atasan', 'apemo', '81dc9bdb52d04dc20036dbd8313ed055', '1234');

-- --------------------------------------------------------

--
-- Table structure for table `prioritas_alternatif`
--

CREATE TABLE `prioritas_alternatif` (
  `id` int(11) NOT NULL,
  `kriteria` varchar(30) NOT NULL,
  `alternatif` varchar(15) NOT NULL,
  `prioritas` float NOT NULL,
  `periode` int(11) NOT NULL
) ENGINE=InnoDB DEFAULT CHARSET=latin1;

--
-- Dumping data for table `prioritas_alternatif`
--

INSERT INTO `prioritas_alternatif` (`id`, `kriteria`, `alternatif`, `prioritas`, `periode`) VALUES
(1, '1', '1741727002', 0.5107, 2018),
(2, '1', '1741727003', 0.2419, 2018),
(3, '1', '1741727004', 0.1387, 2018),
(4, '1', '1741727005', 0.0682, 2018),
(5, '1', '1741727006', 0.0406, 2018),
(6, '2', '1741727002', 0.453, 2018),
(7, '2', '1741727003', 0.275, 2018),
(8, '2', '1741727004', 0.1421, 2018),
(9, '2', '1741727005', 0.0832, 2018),
(10, '2', '1741727006', 0.0468, 2018),
(11, '3', '1741727002', 0.4384, 2018),
(12, '3', '1741727003', 0.2783, 2018),
(13, '3', '1741727004', 0.1665, 2018),
(14, '3', '1741727005', 0.0752, 2018),
(15, '3', '1741727006', 0.0416, 2018),
(16, '4', '1741727002', 0.4359, 2018),
(17, '4', '1741727003', 0.2634, 2018),
(18, '4', '1741727004', 0.1702, 2018),
(19, '4', '1741727005', 0.0941, 2018),
(20, '4', '1741727006', 0.0364, 2018),
(21, '5', '1741727002', 0.4953, 2018),
(22, '5', '1741727003', 0.2271, 2018),
(23, '5', '1741727004', 0.1609, 2018),
(24, '5', '1741727005', 0.0765, 2018),
(25, '5', '1741727006', 0.0401, 2018),
(26, '1', '1741727099', 0.1489, 2018),
(27, '2', '1741727099', 0.1487, 2018),
(28, '3', '1741727099', 0.1449, 2018),
(29, '4', '1741727099', 0.1426, 2018),
(30, '5', '1741727099', 0.1455, 2018),
(31, '1', '19216811', 0.1256, 2018),
(32, '2', '19216811', 0.1264, 2018),
(33, '3', '19216811', 0.1239, 2018),
(34, '4', '19216811', 0.1457, 2018),
(35, '5', '19216811', 0.1103, 2018),
(36, '1', '19216812', 0.1256, 2018),
(37, '2', '19216812', 0.1264, 2018),
(38, '3', '19216812', 0.1239, 2018),
(39, '4', '19216812', 0.1038, 2018),
(40, '5', '19216812', 0.1119, 2018);

-- --------------------------------------------------------

--
-- Table structure for table `prioritas_kriteria`
--

CREATE TABLE `prioritas_kriteria` (
  `id` int(11) NOT NULL,
  `kriteria` varchar(15) NOT NULL,
  `prioritas` float NOT NULL,
  `periode` char(5) NOT NULL
) ENGINE=InnoDB DEFAULT CHARSET=latin1;

--
-- Dumping data for table `prioritas_kriteria`
--

INSERT INTO `prioritas_kriteria` (`id`, `kriteria`, `prioritas`, `periode`) VALUES
(1, '1', 0.4579, '2018'),
(2, '2', 0.2142, '2018'),
(3, '3', 0.1778, '2018'),
(4, '4', 0.0966, '2018'),
(5, '5', 0.0535, '2018');

-- --------------------------------------------------------

--
-- Table structure for table `ranking`
--

CREATE TABLE `ranking` (
  `id` int(11) NOT NULL,
  `nama` varchar(30) NOT NULL,
  `nilai` int(11) NOT NULL
) ENGINE=InnoDB DEFAULT CHARSET=latin1;

--
-- Indexes for dumped tables
--

--
-- Indexes for table `alternatif`
--
ALTER TABLE `alternatif`
  ADD PRIMARY KEY (`id`);

--
-- Indexes for table `kriteria`
--
ALTER TABLE `kriteria`
  ADD PRIMARY KEY (`id`);

--
-- Indexes for table `nilai_awal`
--
ALTER TABLE `nilai_awal`
  ADD PRIMARY KEY (`id`);

--
-- Indexes for table `nilai_detail`
--
ALTER TABLE `nilai_detail`
  ADD PRIMARY KEY (`id`);

--
-- Indexes for table `pengguna`
--
ALTER TABLE `pengguna`
  ADD PRIMARY KEY (`id`);

--
-- Indexes for table `prioritas_alternatif`
--
ALTER TABLE `prioritas_alternatif`
  ADD PRIMARY KEY (`id`);

--
-- Indexes for table `prioritas_kriteria`
--
ALTER TABLE `prioritas_kriteria`
  ADD PRIMARY KEY (`id`);

--
-- Indexes for table `ranking`
--
ALTER TABLE `ranking`
  ADD PRIMARY KEY (`id`);

--
-- AUTO_INCREMENT for dumped tables
--

--
-- AUTO_INCREMENT for table `kriteria`
--
ALTER TABLE `kriteria`
  MODIFY `id` int(11) NOT NULL AUTO_INCREMENT, AUTO_INCREMENT=6;
--
-- AUTO_INCREMENT for table `nilai_awal`
--
ALTER TABLE `nilai_awal`
  MODIFY `id` int(11) NOT NULL AUTO_INCREMENT, AUTO_INCREMENT=28;
--
-- AUTO_INCREMENT for table `nilai_detail`
--
ALTER TABLE `nilai_detail`
  MODIFY `id` int(11) NOT NULL AUTO_INCREMENT, AUTO_INCREMENT=136;
--
-- AUTO_INCREMENT for table `pengguna`
--
ALTER TABLE `pengguna`
  MODIFY `id` int(11) NOT NULL AUTO_INCREMENT, AUTO_INCREMENT=12;
--
-- AUTO_INCREMENT for table `prioritas_alternatif`
--
ALTER TABLE `prioritas_alternatif`
  MODIFY `id` int(11) NOT NULL AUTO_INCREMENT, AUTO_INCREMENT=41;
--
-- AUTO_INCREMENT for table `prioritas_kriteria`
--
ALTER TABLE `prioritas_kriteria`
  MODIFY `id` int(11) NOT NULL AUTO_INCREMENT, AUTO_INCREMENT=6;
--
-- AUTO_INCREMENT for table `ranking`
--
ALTER TABLE `ranking`
  MODIFY `id` int(11) NOT NULL AUTO_INCREMENT;
/*!40101 SET CHARACTER_SET_CLIENT=@OLD_CHARACTER_SET_CLIENT */;
/*!40101 SET CHARACTER_SET_RESULTS=@OLD_CHARACTER_SET_RESULTS */;
/*!40101 SET COLLATION_CONNECTION=@OLD_COLLATION_CONNECTION */;
